numero,proyecto,fecha,estado,titulo,autores
14705,14705/2025-CR,2026-06-01,EN COMISIÓN,PROYECTO DE LEY QUE ESTABLECE MEDIDAS PARA FORTALECER LA CARRERA Y LAS CONDICIONES LABORALES DE LOS DOCENTES DE LOS INSTITUTOS DE EDUCACIÓN SUPERIOR (IES) Y DE LAS ESCUELAS DE EDUCACIÓN SUPERIOR (EES),"Paredes Gonzales, Alex Antonio; Valer Pinto, Héctor; Zea Choquechambi, Oscar; Zegarra Saboya, Ana Zadith; Gutiérrez Ticona, Paul Silvio; Pazo Nunura, Jose Bernardo; Medina Hermosilla, Elizabeth Sara"
14706,14706/2025-CR,2026-06-01,EN AGENDA DE LA COMISIÓN PERMANENTE,PROYECTO DE LEY DE NAVEGACIÓN FLUVIAL EN LA AMAZONÍA,"Mori Celis, Juan Carlos; Martínez Talavera, Pedro Edwin; Alva Prieto, María del Carmen; Alva Rojas, Carlos Enrique; Aragón Carreño, Luis Ángel; Monteza Facho, Silvia María"
14707,14707/2025-PE,2026-06-01,Publicada en el Diario Oficial El Peruano,PROYECTO DE RESOLUCIÓN LEGISLATIVA QUE AUTORIZA EL INGRESO DE UNIDADES NAVALES Y DE PERSONAL MILITAR EXTRANJERO CON ARMAS DE GUERRA AL TERRITORIO DE LA REPÚBLICA DEL PERÚ ,
14708,14708/2025-PE,2026-06-01,Publicada en el Diario Oficial El Peruano,PROYECTO DE RESOLUCIÓN LEGISLATIVA QUE AUTORIZA EL INGRESO Y TRÁNSITO DE UNA UNIDAD NAVAL Y DE PERSONAL MILITAR EXTRANJERO CON ARMAS DE GUERRA AL TERRITORIO DE LA REPÚBLICA DEL PERÚ,
14709,14709/2025-CR,2026-06-01,EN COMISIÓN,PROYECTO DE LEY QUE CREA EL FONDO DE RESPUESTA INMEDIATA PARA LA BÚSQUEDA DE MUJERES Y PERSONAS MENORES DE EDAD DESAPARECIDAS (FOBIM) Y ESTABLECE UN CLASIFICADOR PRESUPUESTAL ESPECIFICO EN LA POLICÍA NACIONAL DEL PERÚ Y EL MINISTERIO DE LA MUJER Y POBLACIONES VULNERABLES,"Laura Rojas, Judith; Bellido Ugarte, Guido; Tello Montes, Nivardo Edgar; Espinoza Vargas, Jhaec Darwin; Picón Quedo, Luis Raúl; Arriola Tueros, José Alberto; Juárez Calle, Heidy Lisbeth"
14710,14710/2025-CR,2026-06-01,EN COMISIÓN,PROYECTO DE LEY QUE ESTABLECE ESTÁNDARES MÍNIMOS DE INTELIGENCIA ARTIFICIAL EN EL SISTEMA UNIVERSITARIO NACIONAL,"Laura Rojas, Judith; Bellido Ugarte, Guido; Arriola Tueros, José Alberto; Tello Montes, Nivardo Edgar; Espinoza Vargas, Jhaec Darwin; Picón Quedo, Luis Raúl; Juárez Calle, Heidy Lisbeth"
14711,14711/2025-CR,2026-06-01,DICTAMEN,LEY QUE AMPLÍA EL PLAZO DISPUESTO EN EL ARTÍCULO 7 DE LA LEY 31277 – LEY QUE AUTORIZA A LA MUNICIPALIDAD PROVINCIAL DE CHICLAYO A EXPROPIAR INMUEBLES PARA LA EJECUCIÓN DE LA OBRA MUNICIPAL DENOMINADA NUEVO Y MODERNO MERCADO MODELO DE CHICLAYO,"Acuña Peralta, María Grimaneza; Salhuana Cavides, Eduardo; Cordero Jon Tay, Luis Gustavo; Chiabra León, Roberto Enrique; Ruíz Rodríguez, Magaly Rosmery; García Correa, Idelso Manuel"
14712,14712/2025-CR,2026-06-02,DICTAMEN,"PROYECTO DE LEY QUE AUTORIZA DE FORMA EXCEPCIONAL EL AUMENTO DE HORAS PEDAGÓGICAS POR SEMANA DE TIEMPO PARCIAL A TIEMPO COMPLETO DE DOCENTES DE INSTITUTOS DE EDUCACIÓN SUPERIOR (IES) Y ESCUELAS DE EDUCACIÓN SUPERIOR (EES) EN EL MARCO DE LA LEY 30512, LEY DE INSTITUTOS Y ESCUELAS DE EDUCACIÓN SUPERIOR Y DE LA CARRERA PÚBLICA DE SUS DOCENTES","Montalvo Cubas, Segundo Toribio; Agüero Gutiérrez, María Antonieta; Cerrón Rojas, Waldemar José; Cruz Mamani, Flavio; Espiritu Cavero, Raul; Mita Alanoca, Isaac"
14713,14713/2025-CR,2026-06-02,EN COMISIÓN,"PROYECTO DE RESOLUCIÓN LEGISLATIVA QUE MODIFICA EL ARTÍCULO 45 DEL REGLAMENTO DE LA CÁMARA DE DIPUTADOS, APROBADO MEDIANTE RESOLUCIÓN LEGISLATIVA DEL CONGRESO N.° 005-2025-2026-CR, A FIN DE RESTITUIR LA COMISIÓN DE CULTURA Y PATRIMONIO CULTURAL COMO COMISIÓN ORDINARIA LEGISLATIVA","Paredes Piqué, Susel Ana María; Reymundo Mercado, Edgard Cornelio; Zeballos Madariaga, Carlos Javier; Tacuri Valdivia, Germán Adolfo; Robles Araujo, Silvana Emperatriz; Ruíz Rodríguez, Magaly Rosmery"
14714,14714/2025-CR,2026-06-02,EN COMISIÓN,"PROYECTO DE LEY QUE DEROGA LA LEY N.° 31990, LEY QUE MODIFICA LOS ARTÍCULOS 473, 476-A Y 481-A DEL NUEVO CÓDIGO PROCESAL PENAL, A FIN DE FORTALECER EL PROCESO ESPECIAL POR COLABORACIÓN EFICAZ","Sánchez Palomino, Roberto Helbert; Varas Meléndez, Elías Marcial; Quispe Mamani, Wilson Rusbel; Coayla Juárez, Jorge Samuel; Quito Sarmiento, Bernardo Jaime; Cutipa Ccama, Víctor Raúl; Limachi Quispe, Nieves Esmeralda"
14715,14715/2025-CR,2026-06-02,EN COMISIÓN,"PROYECTO DE LEY QUE MODIFICA LA LEY N.° 32579, LEY DE CONVERSIÓN DEL INSTITUTO DE EDUCACIÓN SUPERIOR PÚBLICO TÚPAC AMARU DEL CUSCO EN UNIVERSIDAD NACIONAL TECNOLÓGICA TÚPAC AMARU DEL CUSCO (UNTTAC), A FIN DE GARANTIZAR SU IMPLEMENTACIÓN PRESUPUESTAL Y LA CONFORMACIÓN DE SU COMISIÓN ORGANIZADORA","Bellido Ugarte, Guido; Laura Rojas, Judith; Espinoza Vargas, Jhaec Darwin; Arriola Tueros, José Alberto; Paredes Castro, Francis Jhasmina; Tello Montes, Nivardo Edgar"
14716,14716/2025-CR,2026-06-02,EN COMISIÓN,"PROYECTO DE LEY QUE DECLARA DE INTERÉS NACIONAL LA IMPLEMENTACIÓN DE ACCIONES PARA LA CONSERVACIÓN, RESTAURACIÓN Y RECUPERACIÓN DE LOS ECOSISTEMAS NATURALES QUE PROPORCIONAN SERVICIOS HIDROLÓGICOS EN LA REGIÓN CUSCO","Luque Ibarra, Ruth; Reymundo Mercado, Edgard Cornelio; Bazán Narro, Sigrid Tesoro; Zeballos Madariaga, Carlos Javier"
14717,14717/2025-CR,2026-06-02,EN COMISIÓN,PROYECTO DE LEY QUE OPTIMIZA EL PROCESO DE INTEGRACIÓN DE LOS SERVICIOS DE AGUA POTABLE Y SANEAMIENTO POR OPERADORES ESPECIALIZADOS EN PEQUEÑAS CIUDADES,"Bazán Calderón, Diego Alonso Fernando; Córdova Lobatón, María Jessica; Chirinos Venegas, Patricia Rosa; Ciccia Vásquez, Miguel Ángel; Zeballos Aponte, Jorge Arturo; Medina Minaya, Esdras Ricardo"
14718,14718/2025-CR,2026-06-03,APROBADO,"PROYECTO DE LEY QUE DECLARA EL 10 DE JULIO DE CADA AÑO DÍA NO LABORABLE EN EL DEPARTAMENTO DE MADRE DE DIOS, POR CONMEMORARSE EL ANIVERSARIO DE FUNDACIÓN HISTÓRICA DE LA CIUDAD DE PUERTO MALDONADO","Salhuana Cavides, Eduardo; Cordero Jon Tay, Luis Gustavo; Flores Ancachi, Jorge Luis; García Correa, Idelso Manuel; Camones Soriano, Lady Mercedes; Chiabra León, Roberto Enrique; Heidinger Ballesteros, Nelcy Lidia"
14719,14719/2025-CR,2026-06-03,EN COMISIÓN,PROYECTO DE LEY QUE FACULTA A LOS GOBIERNOS REGIONALES Y LOCALES A FINANCIAR INVERSIONES EN MATERIA DE SEGURIDAD CIUDADANA DE LA AUTORIDAD MARÍTIMA NACIONAL,"Montoya Manrique, Jorge Carlos; Cueto Aservi, José Ernesto; Acuña Peralta, Segundo Héctor; Echaíz de Núñez Izaga, Gladys Margot"
14720,14720/2025-CR,2026-06-03,EN COMISIÓN,PROYECTO DE LEY QUE DECLARA EL 29 DE OCTUBRE DE CADA AÑO COMO EL “DÍA NACIONAL DE CONCIENCIACIÓN SOBRE EL SÍNDROME DE RETT”,"Espinoza Vargas, Jhaec Darwin; Bellido Ugarte, Guido; Laura Rojas, Judith; Paredes Castro, Francis Jhasmina; Tello Montes, Nivardo Edgar; Juárez Calle, Heidy Lisbeth"
14721,14721/2025-CR,2026-06-03,EN COMISIÓN,PROYECTO DE LEY QUE ESTABLECE MEDIDAS DE VIGILANCIA Y SEGUIMIENTO DE LA SALUD DE LOS TRABAJADORES DE LA ACTIVIDAD MINERA EXPUESTOS A METALES PESADOS Y OTRAS SUSTANCIAS QUÍMICAS,"Luque Ibarra, Ruth; Reymundo Mercado, Edgard Cornelio; Bazán Narro, Sigrid Tesoro; Zeballos Madariaga, Carlos Javier; Paredes Piqué, Susel Ana María"
14722,14722/2025-CR,2026-06-03,EN COMISIÓN,"PROYECTO DE LEY QUE DISPONE LA TRANSFERENCIA A TÍTULO GRATUITO DEL INMUEBLE UBICADO EN LA AV. ESPAÑA CUADRA 3, JR. SAN MARTÍN Y JR. BOLOGNESI DEL CENTRO HISTÓRICO DE TRUJILLO A FAVOR DE LA MUNICIPALIDAD PROVINCIAL DE TRUJILLO","Acuña Peralta, Segundo Héctor; Montoya Manrique, Jorge Carlos; Cueto Aservi, José Ernesto"
14723,14723/2025-CR,2026-06-03,EN COMISIÓN,"PROYECTO DE LEY QUE ESTABLECE EL RÉGIMEN ESPECIAL DE INTERVENCIONES ESTATALES PARA LA PUESTA EN VALOR DE BIENES INMUEBLES INTEGRANTES DEL PATRIMONIO CULTURAL DE LA NACIÓN UBICADOS EN CENTROS HISTÓRICOS, AMBIENTES URBANO MONUMENTALES O ZONAS MONUMENTALES","Acuña Peralta, Segundo Héctor; Montoya Manrique, Jorge Carlos; Cueto Aservi, José Ernesto"
14724,14724/2025-CR,2026-06-03,EN COMISIÓN,PROYECTO DE LEY QUE OPTIMIZA LA REGULACIÓN DEL CHATARREO VEHICULAR Y LA GESTIÓN DE LOS DEPÓSITOS VEHICULARES,"Acuña Peralta, Segundo Héctor; Montoya Manrique, Jorge Carlos; Cueto Aservi, José Ernesto"
14725,14725/2025-CR,2026-06-04,EN COMISIÓN,"PROYECTO DE LEY QUE HABILITA LA APROBACIÓN DEL MONTO Y LA ESCALA DEL INCENTIVO ÚNICO – CAFAE A FAVOR DE LAS UNIDADES EJECUTORAS 300 – DIRECCIÓN REGIONAL DE EDUCACIÓN UCAYALI, 302 – UGEL ATALAYA Y 304 – UGEL PADRE ABAD DEL PLIEGO 462: GOBIERNO REGIONAL DEL DEPARTAMENTO DE UCAYALI ","Vergara Mendoza, Elvis Hernán; Martínez Talavera, Pedro Edwin; Alva Rojas, Carlos Enrique; Aragón Carreño, Luis Ángel; Mori Celis, Juan Carlos; Monteza Facho, Silvia María"
14726,14726/2025-CR,2026-06-04,EN COMISIÓN,"PROYECTO DE LEY QUE DECLARA DE PREFERENTE INTERÉS NACIONAL Y NECESIDAD PÚBLICA LA PROTECCIÓN, CONSERVACIÓN, INVESTIGACIÓN Y PUESTA EN VALOR DE LA PIEDRA DE KUMPANAMÁ, PATRIMONIO CULTURAL Y ESPIRITUAL DEL PUEBLO INDÍGENA SHAWI ","Echeverría Rodríguez, Hamlet; Sánchez Palomino, Roberto Helbert; Coayla Juárez, Jorge Samuel; Varas Meléndez, Elías Marcial; Tacuri Valdivia, Germán Adolfo; Quispe Mamani, Wilson Rusbel"
14727,14727/2025-CR,2026-06-04,EN COMISIÓN,PROYECTO DE LEY QUE ESTABLECE EL REORDENAMIENTO EN LA ESTRUCTURA ORGANIZACIONAL DEL PERSONAL DE LA POLICÍA NACIONAL DEL PERÚ,"Gonza Castillo, Américo; Cruz Mamani, Flavio; Agüero Gutiérrez, María Antonieta; Taipe Coronado, María Elizabeth; Espiritu Cavero, Raul; Mita Alanoca, Isaac"
14728,14728/2025-CR,2026-06-04,EN COMISIÓN,PROYECTO DE LEY DE DEVOLUCIÓN DE DINERO DEL FONAVI A LOS TRABAJADORES QUE CONTRIBUYERON LOS EMPLEADORES ,"Pariona Sinche, Alfredo; Quito Sarmiento, Bernardo Jaime; Robles Araujo, Silvana Emperatriz; Flores Ramírez, Alex Randu"
14729,14729/2025-CR,2026-06-04,EN COMISIÓN,"PROYECTO DE LEY QUE DECLARA DE INTERÉS NACIONAL Y NECESIDAD PÚBLICA LA CREACIÓN DEL DISTRITO DE ANTA EN LA PROVINCIA DE TAYACAJA, DEPARTAMENTO DE HUANCAVELICA ","Pariona Sinche, Alfredo; Quito Sarmiento, Bernardo Jaime; Robles Araujo, Silvana Emperatriz; Flores Ramírez, Alex Randu"
14730,14730/2025-CR,2026-06-04,EN COMISIÓN,PROYECTO DE LEY QUE DEROGA NORMAS QUE FAVORECEN LA IMPUNIDAD Y DEBILITAN LA LUCHA CONTRA EL CRIMEN ,"Paredes Piqué, Susel Ana María; Bazán Narro, Sigrid Tesoro; Zeballos Madariaga, Carlos Javier; Luque Ibarra, Ruth; Acuña Peralta, Segundo Héctor"
14731,14731/2025-CR,2026-06-04,EN COMISIÓN,PROYECTO DE LEY QUE CREA EL PLIEGO PRESUPUESTAL A LAS UNIVERSIDADES NACIONALES CREADAS POR LAS LEYES: 32579 Y 32614,"Gonza Castillo, Américo; Cruz Mamani, Flavio; Mita Alanoca, Isaac; Taipe Coronado, María Elizabeth; Espiritu Cavero, Raul; Agüero Gutiérrez, María Antonieta"
14732,14732/2025-CR,2026-06-04,EN COMISIÓN,PROYECTO DE LEY QUE INCORPORA UN RÉGIMEN DE EXCEPCIÓN AL PROCESO DE INTEGRACIÓN OBLIGATORIA PREVISTO EN EL DECRETO LEGISLATIVO 1280 Y EN EL DECRETO LEGISLATIVO 1620 — LEY MARCO DE LA GESTIÓN Y PRESTACIÓN DE LOS SERVICIOS DE SANEAMIENTO — EN BENEFICIO DE LAS ORGANIZACIONES LOCALES SIN FINES DE LUCRO QUE ACREDITEN GESTIÓN EFICIENTE EN PEQUEÑAS CIUDADES Y CENTROS POBLADOS,"Mita Alanoca, Isaac; Cruz Mamani, Flavio; Taipe Coronado, María Elizabeth; Espiritu Cavero, Raul; Gonza Castillo, Américo; Agüero Gutiérrez, María Antonieta"
14733,14733/2025-CR,2026-06-04,EN COMISIÓN,PROYECTO DE LEY QUE DECLARA DE INTERÉS NACIONAL EL RECONOCIMIENTO COMO PATRIMONIO CULTURAL LA EXPRESIÓN INMATERIAL “QATUN RIKSINAKUY” ,"Pariona Sinche, Alfredo; Quito Sarmiento, Bernardo Jaime; Robles Araujo, Silvana Emperatriz; Flores Ramírez, Alex Randu"
14734,14734/2025-CR,2026-06-04,EN COMISIÓN,"PROYECTO DE LEY QUE DECLARA DE INTERÉS NACIONAL LA SALVAGUARDA, PROTECCIÓN Y RECONOCIMIENTO DEL TORO CHUTAY HUANCAVELICANO COMO EXPRESIÓN DEL PATRIMONIO CULTURAL INMATERIAL DE LA NACIÓN ","Pariona Sinche, Alfredo; Quito Sarmiento, Bernardo Jaime; Robles Araujo, Silvana Emperatriz; Flores Ramírez, Alex Randu"
14735,14735/2025-CR,2026-06-04,EN COMISIÓN,PROYECTO DE LEY QUE PROMUEVE EL ACCESO AL REGISTRO DE SIGNOS DISTINTIVOS PARA EMPRENDEDORES ACOGIDOS AL RÉGIMEN ÚNICO SIMPLIFICADO (RUS) ,"Pariona Sinche, Alfredo; Quito Sarmiento, Bernardo Jaime; Robles Araujo, Silvana Emperatriz; Flores Ramírez, Alex Randu"
14736,14736/2025-CR,2026-06-04,EN COMISIÓN,"PROYECTO DE LEY QUE MODIFICA LA LEY 32579, LEY DE CONVERSIÓN DEL INSTITUTO DE EDUCACIÓN SUPERIOR PÚBLICO TÚPAC AMARU DEL CUSCO EN UNIVERSIDAD NACIONAL TECNOLÓGICA TÚPAC AMARU DEL CUSCO ","Taipe Coronado, María Elizabeth; Cruz Mamani, Flavio; Mita Alanoca, Isaac; Portalatino Ávalos, Kelly Roxana; Gonza Castillo, Américo; Espiritu Cavero, Raul"
14737,14737/2025-CR,2026-06-04,EN COMISIÓN,"PROYECTO DE LEY QUE DECLARA DE INTERÉS NACIONAL Y NECESIDAD PÚBLICA LA CREACIÓN DEL DISTRITO DE YAPATERA EN LA PROVINCIA DE MORROPÓN, DEPARTAMENTO DE PIURA","Taipe Coronado, María Elizabeth; Cruz Mamani, Flavio; Mita Alanoca, Isaac; Portalatino Ávalos, Kelly Roxana; Gonza Castillo, Américo; Espiritu Cavero, Raul"
14738,14738/2025-CR,2026-06-04,EN COMISIÓN,"PROYECTO DE LEY QUE DECLARA DE NECESIDAD PÚBLICA E INTERÉS NACIONAL LA CREACIÓN DE LA UNIDAD EJECUTORA DEL HOSPITAL DE CHINCHEROS, UBICADO EN EL DISTRITO Y PROVINCIA DE CHINCHEROS, DEPARTAMENTO DE APURÍMAC ","Taipe Coronado, María Elizabeth; Cruz Mamani, Flavio; Mita Alanoca, Isaac; Portalatino Ávalos, Kelly Roxana; Gonza Castillo, Américo; Espiritu Cavero, Raul"
14739,14739/2025-CR,2026-06-04,EN COMISIÓN,"PROYECTO DE LEY QUE DECLARA DE INTERÉS NACIONAL Y NECESIDAD PUBLICA LA INVESTIGACIÓN, RESTAURACIÓN, CONSERVACIÓN, PUESTA EN VALOR Y PROMOCIÓN DEL SITIO ARQUEOLÓGICO DE MUYU URQU","Taipe Coronado, María Elizabeth; Cruz Mamani, Flavio; Mita Alanoca, Isaac; Portalatino Ávalos, Kelly Roxana; Gonza Castillo, Américo; Espiritu Cavero, Raul"
14740,14740/2025-CR,2026-06-05,EN COMISIÓN,"PROYECTO DE LEY QUE MODIFICA LA LEY 32577, A FIN DE AMPLIAR EL PLAZO DE ACCESO A LA BONIFICACIÓN ECONÓMICA EXCEPCIONAL Y GARANTIZAR LA CONTINUIDAD DE LOS DERECHOS ECONÓMICOS DE LOS LICENCIADOS VETERANOS DE LA PACIFICACIÓN NACIONAL Y SUS DERECHOHABIENTES ","Gutiérrez Ticona, Paul Silvio; Valer Pinto, Héctor; Zea Choquechambi, Oscar; Zegarra Saboya, Ana Zadith; Pazo Nunura, Jose Bernardo; Medina Hermosilla, Elizabeth Sara"
14741,14741/2025-CR,2026-06-05,EN COMISIÓN,"PROYECTO DE LEY DE LA AUTORIDAD NACIONAL DE SEGURIDAD SANITARIA, SALUD AMBIENTAL E INOCUIDAD ALIMENTARIA","Gutiérrez Ticona, Paul Silvio; Valer Pinto, Héctor; Zea Choquechambi, Oscar; Zegarra Saboya, Ana Zadith; Pazo Nunura, Jose Bernardo; Medina Hermosilla, Elizabeth Sara"
14742,14742/2025-CR,2026-06-05,EN COMISIÓN,"PROYECTO DE LEY QUE FORTALECE LA POTESTAD SANCIONADORA, LA EJECUCIÓN COACTIVA Y LA REGULACIÓN SANITARIA DEL SECTOR SALUD, GARANTIZANDO LA PROPORCIONALIDAD, LA FORMALIZACIÓN Y LA CONTINUIDAD DEL ACCESO A LOS SERVICIOS FARMACÉUTICOS Y SANITARIOS","Gutiérrez Ticona, Paul Silvio; Valer Pinto, Héctor; Zea Choquechambi, Oscar; Zegarra Saboya, Ana Zadith; Pazo Nunura, Jose Bernardo; Medina Hermosilla, Elizabeth Sara"
14743,14743/2025-CR,2026-06-05,EN COMISIÓN,PROYECTO DE LEY QUE DECLARA EL 5 DE OCTUBRE DE CADA AÑO COMO DÍA NACIONAL DE LOS VALORES Y LA CONVIVENCIA PACÍFICA,"Cruz Mamani, Flavio; Gonza Castillo, Américo; Taipe Coronado, María Elizabeth; Mita Alanoca, Isaac; Espiritu Cavero, Raul; Montalvo Cubas, Segundo Toribio; Agüero Gutiérrez, María Antonieta"
14744,14744/2025-CR,2026-06-05,DICTAMEN,PROYECTO DE LEY QUE REGULA LA APERTURA Y ADMINISTRACIÓN DE CUENTAS BANCARIAS DE MENORES DE EDAD ,"Flores Ruiz, Víctor Seferino; Zeta Chunga, Cruz Maria; Santisteban Suclupe, Magally; López Morales, Jeny Luz; Castillo Rivas, Eduardo Enrique; Moyano Delgado, Martha Lupe"
14745,14745/2025-CR,2026-06-05,EN COMISIÓN,"PROYECTO DE LEY QUE RECONOCE LA AUTONOMÍA DE LOS COLEGIOS TERRITORIALES DE LICENCIADOS EN ADMINISTRACIÓN DEL PERÚ, MODIFICA EL DECRETO LEY 22087 Y LA LEY 31060, Y CONSTITUYE LA JUNTA DE DECANOS DE LOS COLEGIOS DE LICENCIADOS EN ADMINISTRACIÓN DEL PERÚ – JUDECLAD-PERÚ","López Ureña, Ilich Fredy; Martínez Talavera, Pedro Edwin; Alva Rojas, Carlos Enrique; Aragón Carreño, Luis Ángel; Vergara Mendoza, Elvis Hernán; Mori Celis, Juan Carlos"
14746,14746/2025-CR,2026-06-05,EN COMISIÓN,"PROYECTO DE LEY QUE CREA EL SISTEMA NACIONAL DE BILLETERAS ELECTRÓNICAS PARA LA CUSTODIA, INMOVILIZACIÓN Y TRAZABILIDAD DE CRIPTOACTIVOS VINCULADOS A DELITOS DE LAVADO DE ACTIVOS Y CRIMINALIDAD ORGANIZADA","López Ureña, Ilich Fredy; Martínez Talavera, Pedro Edwin; Alva Rojas, Carlos Enrique; Aragón Carreño, Luis Ángel; Vergara Mendoza, Elvis Hernán; Mori Celis, Juan Carlos"
14747,14747/2025-CR,2026-06-05,EN COMISIÓN,PROYECTO DE LEY QUE PROMUEVE EL ACCESO UNIVERSAL A INTERNET Y EL FORTALECIMIENTO DE LA CONECTIVIDAD DIGITAL EN LAS ZONAS RURALES Y CENTROS POBLADOS DEL DEPARTAMENTO DE HUANCAVELICA,"Pariona Sinche, Alfredo; Quito Sarmiento, Bernardo Jaime; Robles Araujo, Silvana Emperatriz; Flores Ramírez, Alex Randu"
14748,14748/2025-CR,2026-06-08,EN COMISIÓN,"PROYECTO DE LEY QUE ESTABLECE EL SELLO DE EQUIDAD STEM PARA LA REDUCCIÓN DE LA BRECHA DE GÉNERO EN CIENCIA, TECNOLOGÍA, INGENIERÍA Y MATEMÁTICAS, MEDIANTE INCENTIVOS EN LOS FONDOS CONCURSABLES DE PROCIENCIA Y LA IMPLEMENTACIÓN DE CLUBES DE IA Y ROBÓTICA PARA NIÑAS EN INSTITUCIONES EDUCATIVAS","Laura Rojas, Judith; Picón Quedo, Luis Raúl; Tello Montes, Nivardo Edgar; Bellido Ugarte, Guido; Espinoza Vargas, Jhaec Darwin; Juárez Calle, Heidy Lisbeth"
14749,14749/2025-CR,2026-06-08,EN COMISIÓN,PROYECTO DE LEY QUE DECLARA DE NECESIDAD PÚBLICA LA CREACIÓN DE UNA SEDE DESCONCENTRADA DEL INEN EN LA MACROREGIÓN CENTRO DEL PERÚ,"Laura Rojas, Judith; Bellido Ugarte, Guido; Picón Quedo, Luis Raúl; Arriola Tueros, José Alberto; Paredes Castro, Francis Jhasmina; Espinoza Vargas, Jhaec Darwin; Orué Medina, Ariana Maybee"
14750,14750/2025-CR,2026-06-08,EN COMISIÓN,"PROYECTO DE LEY QUE MODIFICA EL NUMERAL 5.2 DEL ARTÍCULO 5 DE LA LEY 27056, LEY DE CREACIÓN DEL SEGURO SOCIAL DE SALUD (ESSALUD) RESPECTO DEL INGRESO DEL PRESIDENTE EJECUTIVO POR CONCURSO PÚBLICO ","Soto Palacios, Wilson; Martínez Talavera, Pedro Edwin; Alva Rojas, Carlos Enrique; Portero López, Hilda Marleny; Vergara Mendoza, Elvis Hernán; López Ureña, Ilich Fredy"
14751,14751/2025-CR,2026-06-08,EN COMISIÓN,"PROYECTO DE LEY QUE MODIFICA LA LEY 32612, LEY QUE CREA LA UNIVERSIDAD NACIONAL AUTÓNOMA Y TECNOLÓGICA DE COTABAMBAS (UNATEC), A FIN DE GARANTIZAR SU IMPLEMENTACIÓN INSTITUCIONAL ","Bellido Ugarte, Guido; Espinoza Vargas, Jhaec Darwin; Arriola Tueros, José Alberto; Juárez Calle, Heidy Lisbeth; Paredes Castro, Francis Jhasmina; Picón Quedo, Luis Raúl"
14752,14752/2025-CR,2026-06-09,EN COMISIÓN,PROYECTO DE LEY QUE FORTALECE EL EJERCICIO PROFESIONAL DEL HISTORIADOR Y LA CERTIFICACIÓN DE SU OPINIÓN TÉCNICA EN LA INTERVENCIÓN Y PUESTA EN VALOR DEL PATRIMONIO CULTURAL,"Gonza Castillo, Américo; Cruz Mamani, Flavio; Mita Alanoca, Isaac; Agüero Gutiérrez, María Antonieta; Cerrón Rojas, Waldemar José; Espiritu Cavero, Raul"
14753,14753/2025-CR,2026-06-09,EN COMISIÓN,"PROYECTO DE LEY QUE MODIFICA EL DECRETO LEGISLATIVO 147, LEY DEL SERVICIO NACIONAL DE CAPACITACIÓN PARA LA INDUSTRIA DE LA CONSTRUCCIÓN (SENCICO) RESPECTO DEL APORTE POR CONTRIBUCIÓN","Palacios Huamán, Margot; Quispe Mamani, Wilson Rusbel; Tacuri Valdivia, Germán Adolfo; Pariona Sinche, Alfredo; Varas Meléndez, Elías Marcial"
14754,14754/2025-CR,2026-06-09,EN COMISIÓN,"PROYECTO DE LEY QUE CREA LA UNIDAD EJECUTORA DEL HOSPITAL DE HUANTA NIVEL II-1, DISTRITO DE HUANTA, PROVINCIA DE HUANTA, REGIÓN AYACUCHO","Palacios Huamán, Margot; Quispe Mamani, Wilson Rusbel; Tacuri Valdivia, Germán Adolfo; Pariona Sinche, Alfredo; Varas Meléndez, Elías Marcial"
14755,14755/2025-CR,2026-06-10,EN COMISIÓN,PROYECTO DE LEY QUE GARANTIZA LA PENSIÓN DE ORFANDAD Y LA PRESTACIÓN DE SALUD A LAS PERSONAS CON DISCAPACIDAD ,"Sánchez Palomino, Roberto Helbert; Cutipa Ccama, Víctor Raúl; Quispe Mamani, Wilson Rusbel; Coayla Juárez, Jorge Samuel; Limachi Quispe, Nieves Esmeralda; Varas Meléndez, Elías Marcial"
14756,14756/2025-CR,2026-06-10,EN COMISIÓN,PROYECTO DE LEY DE CONVERSIÓN DE LA ESCUELA DE EDUCACIÓN SUPERIOR PEDAGÓGICA PÚBLICA SANTA ROSA EN UNIVERSIDAD NACIONAL PEDAGÓGICA SANTA ROSA ,"Ugarte Mamani, Jhakeline Katy; Sánchez Palomino, Roberto Helbert; Tacuri Valdivia, Germán Adolfo; Varas Meléndez, Elías Marcial; Coayla Juárez, Jorge Samuel; Limachi Quispe, Nieves Esmeralda"
14757,14757/2025-CR,2026-06-10,EN COMISIÓN,"PROYECTO DE LEY QUE INSTITUCIONALIZA LA FORMACIÓN EN INTELIGENCIA ARTIFICIAL EN LA EDUCACIÓN BÁSICA REGULAR, FORTALECE LA COMPETENCIA TRANSVERSAL, SE DESENVUELVE EN ENTORNOS VIRTUALES GENERADOS POR LAS TIC, EN EL MARCO DE LA LEY N.° 31814 Y SU REGLAMENTO","Laura Rojas, Judith; Bellido Ugarte, Guido; Orué Medina, Ariana Maybee; Juárez Calle, Heidy Lisbeth; Tello Montes, Nivardo Edgar; Arriola Tueros, José Alberto; Espinoza Vargas, Jhaec Darwin"
14758,14758/2025-CR,2026-06-10,EN COMISIÓN,"PROYECTO DE LEY QUE RECONOCE, INSTITUCIONALIZA Y OTORGA BENEFICIOS SOCIALES A LAS FACILITADORAS Y FACILITADORES COMUNITARIOS DE LA RED DISTRITAL DE FACILITADORAS Y AGENTES COMUNITARIOS POR LA PREVENCIÓN DE LA VIOLENCIA HACIA LA MUJER Y LOS INTEGRANTES DEL GRUPO FAMILIAR - REDIFAAC, Y MODIFICA LA LEY 28238, LEY GENERAL DEL VOLUNTARIADO","Laura Rojas, Judith; Bellido Ugarte, Guido; Arriola Tueros, José Alberto; Espinoza Vargas, Jhaec Darwin; Orué Medina, Ariana Maybee; Tello Montes, Nivardo Edgar"
14759,14759/2025-CR,2026-06-10,EN COMISIÓN,"PROYECTO DE LEY QUE CREA EL SISTEMA MUNICIPAL DE ATENCIÓN VETERINARIA PÚBLICA (VET-MUNICIPAL), REGULA LOS CENTROS DE ACOGIDA TEMPORAL Y ESTABLECE MECANISMOS DE FINANCIAMIENTO PARA EL BIENESTAR DE LOS ANIMALES DE COMPAÑÍA","Laura Rojas, Judith; Bellido Ugarte, Guido; Orué Medina, Ariana Maybee; Tello Montes, Nivardo Edgar; Juárez Calle, Heidy Lisbeth; Espinoza Vargas, Jhaec Darwin; Arriola Tueros, José Alberto"
14760,14760/2025-CR,2026-06-10,EN COMISIÓN,PROYECTO DE LEY QUE FORTALECE LA LUCHA CONTRA EL CIBERCRIMEN MEDIANTE LA REGULACIÓN DEL USO ILÍCITO DE INTELIGENCIA ARTIFICIAL Y LA PROTECCIÓN DE LA IDENTIDAD DIGITAL,"Laura Rojas, Judith; Bellido Ugarte, Guido; Orué Medina, Ariana Maybee; Tello Montes, Nivardo Edgar; Juárez Calle, Heidy Lisbeth; Espinoza Vargas, Jhaec Darwin; Arriola Tueros, José Alberto"
14761,14761/2025-CR,2026-06-10,EN COMISIÓN,PROYECTO DE LEY QUE ASEGURA EL ACCESO A LA ANTICONCEPCIÓN QUIRÚRGICA VOLUNTARIA Y FORTALECE LA PROTECCIÓN CONTRA LA COERCIÓN EN LA PLANIFICACIÓN FAMILIAR,"Laura Rojas, Judith; Bellido Ugarte, Guido; Tello Montes, Nivardo Edgar; Arriola Tueros, José Alberto; Espinoza Vargas, Jhaec Darwin; Juárez Calle, Heidy Lisbeth"
14762,14762/2025-CR,2026-06-10,EN COMISIÓN,PROYECTO DE LEY QUE CREA EL SISTEMA NACIONAL DE PENSAMIENTO LÓGICO (SINAPEL) BASADO EN EL ENFOQUE DE APRENDIZAJE GRADUAL CON INTELIGENCIA ARTIFICIAL PARA EL FORTALECIMIENTO DE LA COMPETENCIA MATEMÁTICA EN LA EDUCACIÓN BÁSICA REGULAR,"Laura Rojas, Judith; Bellido Ugarte, Guido; Juárez Calle, Heidy Lisbeth; Orué Medina, Ariana Maybee; Arriola Tueros, José Alberto; Tello Montes, Nivardo Edgar; Espinoza Vargas, Jhaec Darwin"
14763,14763/2025-CR,2026-06-10,EN COMISIÓN,PROYECTO DE LEY DE FORMALIZACIÓN PRODUCTIVA PARA MIPYMES INDUSTRIALES,"Laura Rojas, Judith; Bellido Ugarte, Guido; Juárez Calle, Heidy Lisbeth; Tello Montes, Nivardo Edgar; Orué Medina, Ariana Maybee; Arriola Tueros, José Alberto; Espinoza Vargas, Jhaec Darwin"
14764,14764/2025-PE,2026-06-10,Publicada en el Diario Oficial El Peruano,PROYECTO DE RESOLUCIÓN LEGISLATIVA QUE AUTORIZA AL SEÑOR PRESIDENTE DE LA REPÚBLICA A SALIR DEL TERRITORIO NACIONAL DEL 15 AL 19 DE JUNIO DE 2026,
14765,14765/2025-CR,2026-06-10,EN COMISIÓN,"PROYECTO DE LEY QUE CREA EL INSTITUTO DE EDUCACIÓN SUPERIOR TECNOLÓGICO PÚBLICO TOTORA OROPESA DEL DISTRITO DE TOTORA OROPESA, PROVINCIA DE ANTABAMBA Y DEPARTAMENTO DE APURIMAC","Martínez Talavera, Pedro Edwin; Soto Palacios, Wilson; Mori Celis, Juan Carlos; Vergara Mendoza, Elvis Hernán; Portero López, Hilda Marleny; Aragón Carreño, Luis Ángel; López Ureña, Ilich Fredy"
14766,14766/2025-CR,2026-06-10,EN COMISIÓN,"PROYECTO DE LEY QUE CREA EL INSTITUTO DE EDUCACIÓN SUPERIOR TECNOLÓGICO PÚBLICO DE QUILLABAMBA, UBICADO EN EL CENTRO POBLADO QUILLABAMBA, DISTRITO DE KISHUARA, PROVINCIA DE ANDAHUAYLAS, DEPARTAMENTO DE APURIMAC","Martínez Talavera, Pedro Edwin; Soto Palacios, Wilson; Mori Celis, Juan Carlos; Vergara Mendoza, Elvis Hernán; Portero López, Hilda Marleny; Aragón Carreño, Luis Ángel; López Ureña, Ilich Fredy"
14767,14767/2025-CR,2026-06-10,EN COMISIÓN,"PROYECTO DE LEY DE CREACIÓN DEL INSTITUTO DE EDUCACIÓN SUPERIOR TECNOLÓGICO PÚBLICO DE MOLLEBAMBA, DISTRITO DE JUAN ESPINOZA MEDRANO, PROVINCIA DE ANTABAMBA Y DEPARTAMENTO DE APURÍMAC","Martínez Talavera, Pedro Edwin; Soto Palacios, Wilson; Mori Celis, Juan Carlos; Vergara Mendoza, Elvis Hernán; Portero López, Hilda Marleny; Aragón Carreño, Luis Ángel; López Ureña, Ilich Fredy"
14768,14768/2025-GL,2026-06-10,EN COMISIÓN,PROYECTO DE LEY DE CREACIÓN DE LA UNIVERSIDAD NACIONAL TECNOLÓGICA DE PUENTE PIEDRA,
14769,14769/2025-CR,2026-06-11,Publicada en el Diario Oficial El Peruano,PROYECTO DE RESOLUCIÓN LEGISLATIVA DEL CONGRESO QUE DELEGA EN LA COMISIÓN PERMANENTE LA FACULTAD DE LEGISLAR,"Rospigliosi Capurro, Fernando Miguel; Cerrón Rojas, Waldemar José; López Ureña, Ilich Fredy"
14770,14770/2025-CR,2026-06-11,EN COMISIÓN,PROYECTO DE LEY QUE DECLARA DE INTERÉS NACIONAL Y NECESIDAD PÚBLICA LA CREACIÓN DE FILIALES DE LA UNIVERSIDAD NACIONAL MAYOR DE SAN MARCOS Y LA UNIVERSIDAD NACIONAL DE INGENIERÍA EN LA COMUNIDAD CAMPESINA DE CARHUAPATA ,"Pariona Sinche, Alfredo; Quito Sarmiento, Bernardo Jaime; Dávila Atanacio, Pasión Neomías; Robles Araujo, Silvana Emperatriz"
14771,14771/2025-CR,2026-06-11,EN COMISIÓN,"PROYECTO DE LEY QUE INCORPORA LA CÁTEDRA DE INTELIGENCIA EMOCIONAL, SALUD MENTAL Y GESTIÓN DE RIESGOS DIGITALES EN EL CURRÍCULO NACIONAL DE EDUCACIÓN BÁSICA REGULAR, COMO MEDIDA DE PREVENCIÓN DEL SUICIDIO INFANTIL Y ADOLESCENTE","Laura Rojas, Judith; Bellido Ugarte, Guido; Juárez Calle, Heidy Lisbeth; Orué Medina, Ariana Maybee; Tello Montes, Nivardo Edgar; Arriola Tueros, José Alberto; Espinoza Vargas, Jhaec Darwin"
14772,14772/2025-CR,2026-06-11,EN COMISIÓN,"PROYECTO DE LEY QUE CREA EL INSTITUTO SUPERIOR TECNOLÓGICO PÚBLICO DE CASTILLAPATA (ISTPC) UBICADO EN EL DISTRITO DE YAULI, PROVINCIA HUANCAVELICA, DEPARTAMENTO DE HUANCAVELICA","Cruz Mamani, Flavio; Taipe Coronado, María Elizabeth; Espiritu Cavero, Raul; Gonza Castillo, Américo; Agüero Gutiérrez, María Antonieta; Mita Alanoca, Isaac"
14773,14773/2025-CR,2026-06-11,EN COMISIÓN,"PROYECTO DE LEY QUE DECLARA DE INTERÉS NACIONAL Y NECESIDAD PÚBLICA LA CREACIÓN DEL DISTRITO DE PAMPA GRANDE, EN LA PROVINCIA DE CHICLAYO, DEPARTAMENTO DE LAMBAYEQUE","Bellido Ugarte, Guido; Arriola Tueros, José Alberto; Laura Rojas, Judith; Tello Montes, Nivardo Edgar; Juárez Calle, Heidy Lisbeth; Espinoza Vargas, Jhaec Darwin"
14774,14774/2025-CR,2026-06-11,EN COMISIÓN,"PROYECTO DE LEY QUE DECLARA DE INTERÉS NACIONAL LA CREACIÓN DEL DISTRITO DE SANTA MARÍA DE AYABACAS, UBICADO EN LA PROVINCIA DE SAN ROMÁN Y DEPARTAMENTO DE PUNO","Bellido Ugarte, Guido; Arriola Tueros, José Alberto; Tello Montes, Nivardo Edgar; Juárez Calle, Heidy Lisbeth; Laura Rojas, Judith; Espinoza Vargas, Jhaec Darwin"
14775,14775/2025-CR,2026-06-11,EN COMISIÓN,"PROYECTO DE LEY QUE DECLARA DE INTERÉS NACIONAL LA CREACIÓN DEL DISTRITO DE PEÑA BLANCA, UBICADO EN LA PROVINCIA DE JAÉN Y DEPARTAMENTO DE CAJAMARCA","Bellido Ugarte, Guido; Arriola Tueros, José Alberto; Tello Montes, Nivardo Edgar; Laura Rojas, Judith; Juárez Calle, Heidy Lisbeth; Espinoza Vargas, Jhaec Darwin"
14776,14776/2025-CR,2026-06-11,EN COMISIÓN,PROYECTO DE LEY QUE FORTALECE LOS DERECHOS DE LOS CONSUMIDORES DE SERVICIOS DE SALUD MEDIANTE LA GARANTÍA DE UNA ATENCIÓN E INFORMACIÓN DIGNA,"Bellido Ugarte, Guido; Arriola Tueros, José Alberto; Laura Rojas, Judith; Tello Montes, Nivardo Edgar; Espinoza Vargas, Jhaec Darwin; Juárez Calle, Heidy Lisbeth"
14777,14777/2025-CR,2026-06-11,EN COMISIÓN,"PROYECTO DE LEY QUE DECLARA DE INTERÉS NACIONAL Y NECESIDAD PÚBLICA LA CREACIÓN DEL DISTRITO DE SAN ANTONIO DE COCHA, EN LA PROVINCIA DE VILCASHUAMAN, DEPARTAMENTO DE AYACUCHO","Bellido Ugarte, Guido; Arriola Tueros, José Alberto; Laura Rojas, Judith; Tello Montes, Nivardo Edgar; Espinoza Vargas, Jhaec Darwin; Juárez Calle, Heidy Lisbeth"
14778,14778/2025-CR,2026-06-11,EN COMISIÓN,"PROYECTO DE LEY QUE DECLARA DE INTERÉS NACIONAL LA CREACIÓN DEL DISTRITO DE BELLAVISTA, UBICADO EN LA PROVINCIA DE PATAZ Y DEPARTAMENTO DE LA LIBERTAD","Bellido Ugarte, Guido; Arriola Tueros, José Alberto; Tello Montes, Nivardo Edgar; Laura Rojas, Judith; Juárez Calle, Heidy Lisbeth; Espinoza Vargas, Jhaec Darwin"
14779,14779/2025-CR,2026-06-11,EN COMISIÓN,"PROYECTO DE LEY QUE MODIFICA EL DECRETO LEGISLATIVO 1280, DECRETO LEGISLATIVO QUE APRUEBA LA LEY DEL SERVICIO UNIVERSAL DE AGUA POTABLE Y SANEAMIENTO, A FIN DE FORTALECER LAS COMPETENCIAS REGULATORIAS, SUPERVISORAS Y FISCALIZADORAS DE LA SUPERINTENDENCIA NACIONAL DE SERVICIOS DE SANEAMIENTO- SUNASS","Bellido Ugarte, Guido; Arriola Tueros, José Alberto; Laura Rojas, Judith; Tello Montes, Nivardo Edgar; Juárez Calle, Heidy Lisbeth; Espinoza Vargas, Jhaec Darwin"
14780,14780/2025-CR,2026-06-11,EN COMISIÓN,"PROYECTO DE LEY QUE DECLARA DE INTERÉS NACIONAL Y NECESIDAD PÚBLICA LA CREACIÓN DEL DISTRITO DE PARAGSHA, UBICADO EN LA PROVINCIA DE PASCO, DEPARTAMENTO DE PASCO","Bellido Ugarte, Guido; Arriola Tueros, José Alberto; Laura Rojas, Judith; Tello Montes, Nivardo Edgar; Espinoza Vargas, Jhaec Darwin; Juárez Calle, Heidy Lisbeth"
14781,14781/2025-CR,2026-06-11,EN COMISIÓN,"PROYECTO DE LEY QUE DECLARA DE INTERÉS NACIONAL LA CREACIÓN DEL DISTRITO DE VALLE ESMERALDA DE HUAYAO, UBICADO EN LA PROVINCIA DE LA MAR, DEPARTAMENTO DE AYACUCHO","Bellido Ugarte, Guido; Arriola Tueros, José Alberto; Laura Rojas, Judith; Tello Montes, Nivardo Edgar; Juárez Calle, Heidy Lisbeth; Espinoza Vargas, Jhaec Darwin"
14782,14782/2025-CR,2026-06-11,EN COMISIÓN,"PROYECTO DE LEY QUE DECLARA DE INTERÉS NACIONAL LA CREACIÓN DEL DISTRITO DE SANTA CATALINA, UBICADO EN LA PROVINCIA DE SAN ROMÁN, DEPARTAMENTO DE PUNO","Bellido Ugarte, Guido; Arriola Tueros, José Alberto; Laura Rojas, Judith; Tello Montes, Nivardo Edgar; Juárez Calle, Heidy Lisbeth; Espinoza Vargas, Jhaec Darwin"
14783,14783/2025-CR,2026-06-11,EN COMISIÓN,"PROYECTO DE LEY QUE DECLARA DE INTERÉS NACIONAL LA CREACIÓN DEL DISTRITO DE ANTAPIRCA, UBICADO EN LA PROVINCIA DE DANIEL ALCIDES CARRIÓN, DEPARTAMENTO DE PASCO","Bellido Ugarte, Guido; Arriola Tueros, José Alberto; Laura Rojas, Judith; Tello Montes, Nivardo Edgar; Juárez Calle, Heidy Lisbeth; Espinoza Vargas, Jhaec Darwin"
14784,14784/2025-CR,2026-06-11,EN COMISIÓN,"PROYECTO DE LEY QUE DECLARA DE INTERÉS NACIONAL LA CREACIÓN DEL DISTRITO DE TACALA, UBICADO EN LA PROVINCIA Y DEPARTAMENTO DE PIURA","Bellido Ugarte, Guido; Arriola Tueros, José Alberto; Laura Rojas, Judith; Tello Montes, Nivardo Edgar; Juárez Calle, Heidy Lisbeth; Espinoza Vargas, Jhaec Darwin"
14785,14785/2025-CR,2026-06-11,EN COMISIÓN,"PROYECTO DE LEY QUE DECLARA DE INTERÉS NACIONAL LA CREACIÓN DEL DISTRITO DE SAN ANTONIO DE PAVITA, UBICADO EN LA PROVINCIA DE CHUCUITO, DEPARTAMENTO DE PUNO","Bellido Ugarte, Guido; Arriola Tueros, José Alberto; Laura Rojas, Judith; Tello Montes, Nivardo Edgar; Juárez Calle, Heidy Lisbeth; Espinoza Vargas, Jhaec Darwin"
14786,14786/2025-CR,2026-06-11,EN COMISIÓN,"PROYECTO DE LEY QUE DECLARA DE INTERÉS NACIONAL LA CREACIÓN DEL DISTRITO DE QUELLO QUELLO, UBICADO EN LA PROVINCIA DE CALCA Y DEPARTAMENTO DE CUSCO","Bellido Ugarte, Guido; Tello Montes, Nivardo Edgar; Arriola Tueros, José Alberto; Laura Rojas, Judith; Espinoza Vargas, Jhaec Darwin; Juárez Calle, Heidy Lisbeth"
14787,14787/2025-CR,2026-06-11,EN COMISIÓN,"PROYECTO DE LEY QUE DECLARA DE INTERÉS NACIONAL LA CREACIÓN DEL DISTRITO DE MAYRO, UBICADO EN LA PROVINCIA DE OXAPAMPA Y DEPARTAMENTO DE PASCO","Bellido Ugarte, Guido; Tello Montes, Nivardo Edgar; Arriola Tueros, José Alberto; Laura Rojas, Judith; Juárez Calle, Heidy Lisbeth; Espinoza Vargas, Jhaec Darwin"
14788,14788/2025-CR,2026-06-11,EN COMISIÓN,"PROYECTO DE LEY QUE DECLARA DE INTERÉS NACIONAL LA CREACIÓN DEL DISTRITO DE VALLE SOL, UBICADO EN LA PROVINCIA DE TRUJILLO, DEPARTAMENTO DE LA LIBERTAD","Bellido Ugarte, Guido; Tello Montes, Nivardo Edgar; Arriola Tueros, José Alberto; Laura Rojas, Judith; Juárez Calle, Heidy Lisbeth; Espinoza Vargas, Jhaec Darwin"
14789,14789/2025-CR,2026-06-11,EN COMISIÓN,"PROYECTO DE LEY QUE DECLARA DE INTERÉS NACIONAL LA CREACIÓN DEL DISTRITO DE TANGOR, UBICADO EN LA PROVINCIA DE DANIEL ALCIDES CARRIÓN, DEPARTAMENTO DE PASCO","Bellido Ugarte, Guido; Tello Montes, Nivardo Edgar; Arriola Tueros, José Alberto; Laura Rojas, Judith; Juárez Calle, Heidy Lisbeth; Espinoza Vargas, Jhaec Darwin"
14790,14790/2025-CR,2026-06-11,EN COMISIÓN,"PROYECTO DE LEY QUE DECLARA DE INTERÉS NACIONAL LA CREACIÓN DEL DISTRITO DE QUIPARACRA, UBICADO EN LA PROVINCIA Y DEPARTAMENTO DE PASCO","Bellido Ugarte, Guido; Tello Montes, Nivardo Edgar; Arriola Tueros, José Alberto; Laura Rojas, Judith; Juárez Calle, Heidy Lisbeth; Espinoza Vargas, Jhaec Darwin"
14791,14791/2025-CR,2026-06-11,EN COMISIÓN,"PROYECTO DE LEY QUE DECLARA DE INTERÉS NACIONAL LA CREACIÓN DEL DISTRITO DE QARHUAPAMPA, UBICADO EN LA PROVINCIA DE LA MAR, DEPARTAMENTO DE AYACUCHO ","Bellido Ugarte, Guido; Tello Montes, Nivardo Edgar; Arriola Tueros, José Alberto; Laura Rojas, Judith; Juárez Calle, Heidy Lisbeth; Espinoza Vargas, Jhaec Darwin"
14792,14792/2025-CR,2026-06-11,EN COMISIÓN,"PROYECTO DE LEY QUE DECLARA DE INTERÉS NACIONAL LA CREACIÓN DEL DISTRITO DE YANAPATA, UBICADO EN LA PROVINCIA DE YUNGUYO Y DEPARTAMENTO DE PUNO","Bellido Ugarte, Guido; Arriola Tueros, José Alberto; Laura Rojas, Judith; Juárez Calle, Heidy Lisbeth; Tello Montes, Nivardo Edgar; Espinoza Vargas, Jhaec Darwin"
14793,14793/2025-CR,2026-06-11,EN COMISIÓN,"PROYECTO DE LEY QUE DECLARA DE INTERÉS NACIONAL Y NECESIDAD PÚBLICA EL PROYECTO DE MEJORAMIENTO Y CONSTRUCCIÓN DE LA CARRETERA ASFALTADA DOBLE VÍA CU-105 CALCA-YANATILE, EN EL DEPARTAMENTO DE CUSCO","Bellido Ugarte, Guido; Arriola Tueros, José Alberto; Tello Montes, Nivardo Edgar; Espinoza Vargas, Jhaec Darwin; Juárez Calle, Heidy Lisbeth; Laura Rojas, Judith"
14794,14794/2025-CR,2026-06-11,EN COMISIÓN,"PROYECTO DE LEY QUE DECLARA DE INTERÉS NACIONAL LA CREACIÓN DEL DISTRITO DE SAN JUAN, UBICADO EN LA PROVINCIA DE CORONEL PORTILLO Y DEPARTAMENTO DE UCAYALI","Bellido Ugarte, Guido; Arriola Tueros, José Alberto; Tello Montes, Nivardo Edgar; Laura Rojas, Judith; Juárez Calle, Heidy Lisbeth; Espinoza Vargas, Jhaec Darwin"
14795,14795/2025-CR,2026-06-11,EN COMISIÓN,"PROYECTO DE LEY QUE DECLARA DE INTERÉS NACIONAL LA CREACIÓN DEL DISTRITO DE MOTUPILLO, UBICADO EN LA PROVINCIA DE FERREÑAFE, DEPARTAMENTO DE LAMBAYEQUE","Bellido Ugarte, Guido; Arriola Tueros, José Alberto; Laura Rojas, Judith; Tello Montes, Nivardo Edgar; Juárez Calle, Heidy Lisbeth; Espinoza Vargas, Jhaec Darwin"
14796,14796/2025-CR,2026-06-11,EN COMISIÓN,PROYECTO DE LEY QUE DECLARA DE INTERÉS NACIONAL EL RECONOCIMIENTO COMO PATRIMONIO CULTURAL INMATERIAL DE LA NACIÓN AL SANTIAGO CHINCHIHUASINO,"Bellido Ugarte, Guido; Tello Montes, Nivardo Edgar; Arriola Tueros, José Alberto; Juárez Calle, Heidy Lisbeth; Espinoza Vargas, Jhaec Darwin; Laura Rojas, Judith"
14797,14797/2025-CR,2026-06-11,EN COMISIÓN,"PROYECTO DE LEY QUE DECLARA DE INTERÉS NACIONAL Y NECESIDAD PÚBLICA EL CONTROL Y MITIGACIÓN DE LA PRESENCIA DE CADMIO EN LA PRODUCCIÓN DE PALTA, ESPÁRRAGO Y DEMÁS CULTIVOS AGROEXPORTADORES PRIORIZADOS EN LA AGENDA ESTRATÉGICA NACIONAL CADMIO 2025–2030","Pariona Sinche, Alfredo; Robles Araujo, Silvana Emperatriz; Flores Ramírez, Alex Randu; Quito Sarmiento, Bernardo Jaime"
14798,14798/2025-CR,2026-06-12,EN COMISIÓN,PROYECTO DE LEY QUE PROMUEVE LA MINERÍA AURÍFERA PEQUEÑA Y ARTESANAL,"Monteza Facho, Silvia María; López Ureña, Ilich Fredy; Vergara Mendoza, Elvis Hernán; Portero López, Hilda Marleny; Mori Celis, Juan Carlos; Aragón Carreño, Luis Ángel; Zegarra Saboya, Ana Zadith; Paredes Gonzales, Alex Antonio"
14799,14799/2025-PE,2026-06-12,EN CUARTO INTERMEDIO,"PROYECTO DE LEY QUE APRUEBA CRÉDITOS SUPLEMENTARIOS PARA EL FINANCIAMIENTO DE INVERSIONES PÚBLICAS ORIENTADAS AL CIERRE DE BRECHAS, LA CONTINUIDAD DE LOS SERVICIOS DEL ESTADO Y GARANTIZAR LA TRANSICIÓN DEMOCRÁTICA; Y DICTA OTRAS MEDIDAS",
14800,14800/2025-CR,2026-06-12,EN COMISIÓN,"PROYECTO DE LEY QUE DECLARA DE NECESIDAD PÚBLICA E INTERÉS NACIONAL LA CREACIÓN DE LA UNIVERSIDAD NACIONAL TECNOLÓGICA PÚBLICA “ALMIRANTE MIGUEL MARÍA GRAU SEMINARIO DE PIURA""","Cerrón Rojas, Waldemar José; Gonza Castillo, Américo; Mita Alanoca, Isaac; Espiritu Cavero, Raul; Cruz Mamani, Flavio; Agüero Gutiérrez, María Antonieta"
14801,14801/2025-CR,2026-06-12,EN COMISIÓN,"PROYECTO DE LEY QUE DECLARA DE NECESIDAD PÚBLICA E INTERÉS NACIONAL EL NUEVO TERMINAL PORTUARIO DE CHIMBOTE, UBICADO EN EL DEPARTAMENTO DE ÁNCASH","Chacón Trujillo, Nilza Merly; Jiménez Heredia, David Julio; Infantes Castañeda, Mery Eliana; López Morales, Jeny Luz; Castillo Rivas, Eduardo Enrique; Rospigliosi Capurro, Fernando Miguel; Moyano Delgado, Martha Lupe"
14802,14802/2025-CR,2026-06-12,EN COMISIÓN,"PROYECTO DE LEY DE REFORMA CONSTITUCIONAL QUE MODIFICA EL ARTÍCULO 111 DE LA CONSTITUCIÓN POLÍTICA DEL PERÚ, A FIN DE INCORPORAR UNA SEGUNDA ELECCIÓN PRESIDENCIAL AMPLIADA EN ESCENARIOS DE ALTA FRAGMENTACIÓN ELECTORAL","Málaga Trillo, George Edward"
14803,14803/2025-CR,2026-06-15,EN COMISIÓN,"PROYECTO DE LEY QUE DEROGA LA LEY 32182, NORMA “PRO CRIMEN” QUE AMENAZA LA FUNCIÓN FISCAL Y LA ADMINISTRACIÓN DE JUSTICIA","Sánchez Palomino, Roberto Helbert; Cutipa Ccama, Víctor Raúl; Coayla Juárez, Jorge Samuel; Varas Meléndez, Elías Marcial; Quispe Mamani, Wilson Rusbel; Limachi Quispe, Nieves Esmeralda"
14804,14804/2025-CR,2026-06-15,EN COMISIÓN,"PROYECTO DE LEY QUE MODIFICA LA LEY 28667 LEY DECLARA LA REVERSIÓN DE PREDIOS RÚSTICOS AL DOMINIO DEL ESTADO, A FIN DE INCORPORAR EL PRINCIPIO DE CADUCIDAD, UNIFICAR EL ÁMBITO NORMATIVO DE APLICACIÓN, FORTALECER LA SEGURIDAD JURÍDICA Y AMPLIAR SU APLICACIÓN A CENTROS POBLADOS, CASERÍOS Y POSESIONES INFORMALES CONSOLIDADAS","Martínez Talavera, Pedro Edwin; Mori Celis, Juan Carlos; Vergara Mendoza, Elvis Hernán; Aragón Carreño, Luis Ángel; Alva Prieto, María del Carmen; Soto Palacios, Wilson"
14805,14805/2025-CR,2026-06-15,EN COMISIÓN,"PROYECTO DE LEY QUE MODIFICA LOS REQUISITOS DE DOCENCIA UNIVERSITARIA PREVISTOS EN EL NUMERAL 82.1 DE LA LEY N.° 30220, LEY UNIVERSITARIA","Marticorena Mendoza, Jorge Alfonso; Salhuana Cavides, Eduardo; Flores Ancachi, Jorge Luis; García Correa, Idelso Manuel; Heidinger Ballesteros, Nelcy Lidia; Acuña Peralta, María Grimaneza"
14806,14806/2025-CR,2026-06-17,EN COMISIÓN,"PROYECTO DE LEY QUE DECLARA DE NECESIDAD PÚBLICA E INTERÉS NACIONAL LA INSTALACIÓN DEL SERVICIO DE AGUA POTABLE Y ALCANTARILLADO EN EL DISTRITO DE LA UNIÓN, PROVINCIA Y DEPARTAMENTO DE PIURA","Zeta Chunga, Cruz Maria; Revilla Villanueva, César Manuel; Alegría García, Arturo; López Morales, Jeny Luz; Santisteban Suclupe, Magally; Huamán Coronado, Raúl"
14807,14807/2025-CR,2026-06-17,EN COMISIÓN,"PROYECTO DE LEY QUE DEROGA LA LEY N.° 32645, LEY QUE CREA EL COLEGIO PROFESIONAL DE ARTISTAS DEL PERÚ (CPAP)","Paredes Piqué, Susel Ana María; Reymundo Mercado, Edgard Cornelio; Luque Ibarra, Ruth; Bazán Narro, Sigrid Tesoro; Zeballos Madariaga, Carlos Javier"
14808,14808/2025-CR,2026-06-17,EN COMISIÓN,PROYECTO DE LEY QUE DECLARA DE NECESIDAD PÚBLICA E INTERÉS NACIONAL LA EJECUCIÓN DEL PROYECTO DE MEJORAMIENTO DE LA TRANSITABILIDAD VEHICULAR DE LA CARRETERA DEPARTAMENTAL CU-105,"Luque Ibarra, Ruth; Reymundo Mercado, Edgard Cornelio; Paredes Piqué, Susel Ana María; Bazán Narro, Sigrid Tesoro; Zeballos Madariaga, Carlos Javier"
14809,14809/2025-PE,2026-06-17,APROBADO,PROYECTO DE LEY DE CREACIÓN DEL DISTRITO DE SANGANI EN LA PROVINCIA DE CHANCHAMAYO DEL DEPARTAMENTO DE JUNÍN,
14810,14810/2025-CR,2026-06-18,EN COMISIÓN,PROYECTO DE LEY QUE DECLARA DE INTERÉS NACIONAL Y NECESIDAD PÚBLICA EL RECONOCIMIENTO COMO PATRIMONIO CULTURAL INMATERIAL DE LA NACIÓN DE LA FESTIVIDAD COSTUMBRISTA “EL MALLKU: LA Q’OCHA FIESTA”,"Cruz Mamani, Flavio; Mita Alanoca, Isaac; Gonza Castillo, Américo; Taipe Coronado, María Elizabeth; Montalvo Cubas, Segundo Toribio; Espiritu Cavero, Raul"
14811,14811/2025-CR,2026-06-18,EN COMISIÓN,"PROYECTO DE LEY QUE MODIFICA DIVERSOS ARTÍCULOS DE LA LEY N.° 28369, LEY DEL TRABAJO DEL PSICÓLOGO, A FIN DE FORTALECER EL EJERCICIO PROFESIONAL Y LA ATENCIÓN DE LA SALUD MENTAL","Cruz Mamani, Flavio; Mita Alanoca, Isaac; Gonza Castillo, Américo; Taipe Coronado, María Elizabeth; Montalvo Cubas, Segundo Toribio; Espiritu Cavero, Raul"
14812,14812/2025-CR,2026-06-18,EN COMISIÓN,"PROYECTO DE LEY QUE DECLARA DE INTERÉS NACIONAL Y NECESIDAD PÚBLICA LA CREACIÓN DEL INSTITUTO DE EDUCACIÓN SUPERIOR PEDAGÓGICO PÚBLICO DE ORURILLO, EN LA PROVINCIA DE MELGAR, DEPARTAMENTO DE PUNO","Cruz Mamani, Flavio; Gonza Castillo, Américo; Mita Alanoca, Isaac; Taipe Coronado, María Elizabeth; Montalvo Cubas, Segundo Toribio; Espiritu Cavero, Raul"
14813,14813/2025-CR,2026-06-18,EN COMISIÓN,PROYECTO DE LEY DE CONVERSIÓN DEL INSTITUTO DE EDUCACIÓN SUPERIOR TECNOLÓGICO PÚBLICO “SAN JOSÉ” DE TINTAY PUNCU EN UNIVERSIDAD NACIONAL SAN JOSÉ DEL VRAEM,"López Ureña, Ilich Fredy; Martínez Talavera, Pedro Edwin; Alva Rojas, Carlos Enrique; Aragón Carreño, Luis Ángel; Mori Celis, Juan Carlos; Vergara Mendoza, Elvis Hernán"
14814,14814/2025-CR,2026-06-18,DICTAMEN,"PROYECTO DE LEY QUE CREA LA UNIVERSIDAD NACIONAL DE PACHITEA (UNAPACHI) EN EL DISTRITO DE PANAO, PROVINCIA DE PACHITEA DEL DEPARTAMENTO DE HUÁNUCO","Montalvo Cubas, Segundo Toribio; Cruz Mamani, Flavio; Espiritu Cavero, Raul; Mita Alanoca, Isaac; Gonza Castillo, Américo; Agüero Gutiérrez, María Antonieta"
14815,14815/2025-CR,2026-06-18,EN COMISIÓN,"PROYECTO DE LEY QUE CREA LA UNIVERSIDAD NACIONAL DE MALA (UNAM) EN EL DISTRITO DE MALA, PROVINCIA DE CAÑETE DEL DEPARTAMENTO DE LIMA","Montalvo Cubas, Segundo Toribio; Cruz Mamani, Flavio; Espiritu Cavero, Raul; Mita Alanoca, Isaac; Gonza Castillo, Américo; Agüero Gutiérrez, María Antonieta"
14816,14816/2025-CR,2026-06-18,DICTAMEN,"PROYECTO DE LEY QUE CREA LA UNIVERSIDAD NACIONAL CIENTÍFICA DE LA MAR (UNCLAM) EN EL DISTRITO DE PATIBAMBA, PROVINCIA DE LA MAR, DEPARTAMENTO DE AYACUCHO","Montalvo Cubas, Segundo Toribio; Cruz Mamani, Flavio; Espiritu Cavero, Raul; Mita Alanoca, Isaac; Gonza Castillo, Américo; Agüero Gutiérrez, María Antonieta"
14817,14817/2025-GL,2026-06-19,EN COMISIÓN,PROYECTO DE LEY QUE DECLARA DE INTERÉS NACIONAL Y NECESIDAD PÚBLICA EL PROYECTO DE “MEJORAMIENTO Y CONSTRUCCIÓN DE LA CARRETERA ASFALTADA DOBLE VÍA CU-105 - CALCA – YANATILE,
14818,14818/2025-PE,2026-06-19,EN AGENDA DEL PLENO,"PROYECTO DE LEY QUE ADECÚA EL CÓDIGO PENAL, PROMULGADO POR DECRETO LEGISLATIVO N.° 635; EL CÓDIGO PROCESAL PENAL, PROMULGADO POR DECRETO LEGISLATIVO N.° 957; LA LEY N.° 30424, LEY QUE REGULA LA RESPONSABILIDAD ADMINISTRATIVA DE LAS PERSONAS JURÍDICAS EN EL PROCESO PENAL; EL DECRETO LEGISLATIVO N.° 1342, DECRETO LEGISLATIVO QUE PROMUEVE LA TRANSPARENCIA Y EL DERECHO DE ACCESO DE LA CIUDADANÍA AL CONTENIDO DE LAS DECISIONES JURISDICCIONALES; Y EL DECRETO LEGISLATIVO N.° 1373, DECRETO LEGISLATIVO SOBRE EXTINCIÓN DE DOMINIO, A ESTÁNDARES INTERNACIONALES EN EL COMBATE AL COHECHO TRANSNACIONAL",
14819,14819/2025-PE,2026-06-19,APROBADO,"PROYECTO DE RESOLUCIÓN LEGISLATIVA QUE AUTORIZA EL INGRESO DE UNIDADES NAVALES, AERONAVES Y DE PERSONAL MILITAR EXTRANJERO CON ARMAS DE GUERRA AL TERRITORIO DE LA REPÚBLICA DEL PERÚ",
14820,14820/2025-PE,2026-06-19,EN COMISIÓN,PROYECTO DE LEY DE SANEAMIENTO DE DOS TRAMOS DEL LÍMITE ENTRE LOS DEPARTAMENTOS DE JUNÍN Y PASCO,
14821,14821/2025-CR,2026-06-22,EN AGENDA DE LA COMISIÓN PERMANENTE,"PROYECTO DE LEY QUE FORTALECE LA LEY DEL COLEGIO DE PSICÓLOGOS DEL PERÚ, INCORPORANDO DISPOSICIONES COMPLEMENTARIAS FINALES, TRANSITORIAS Y DEROGATORIAS AL DECRETO LEY N.° 23019, LEY DE CREACIÓN DEL COLEGIO DE PSICÓLOGOS DEL PERÚ","Montalvo Cubas, Segundo Toribio; Cruz Mamani, Flavio; Agüero Gutiérrez, María Antonieta; Espiritu Cavero, Raul; Mita Alanoca, Isaac; Gonza Castillo, Américo"
14822,14822/2025-PE,2026-06-22,APROBADO,PROYECTO DE RESOLUCIÓN LEGISLATIVA QUE AUTORIZA EL INGRESO Y TRÁNSITO DE UNIDAD NAVAL Y PERSONAL MILITAR EXTRANJERO CON ARMAS DE GUERRA AL TERRITORIO DE LA REPÚBLICA DEL PERÚ,
14823,14823/2025-CR,2026-06-22,EN COMISIÓN,"PROYECTO DE LEY DE REFORMA CONSTITUCIONAL DEL ARTÍCULO 19 DE LA CONSTITUCIÓN POLÍTICA DEL PERÚ, A FIN DE QUE LAS UNIVERSIDADES E INSTITUCIONES EDUCATIVAS PRIVADAS PAGUEN IMPUESTOS","Gonza Castillo, Américo; Cruz Mamani, Flavio; Montalvo Cubas, Segundo Toribio; Espiritu Cavero, Raul; Agüero Gutiérrez, María Antonieta; Mita Alanoca, Isaac"
14824,14824/2025-CR,2026-06-22,EN COMISIÓN,"PROYECTO DE LEY QUE MODIFICA EL ARTÍCULO 13 DE LA LEY N.° 32586, NUEVA LEY DEL BOLETO TURÍSTICO, PARA ESTABLECER LA DEDUCCIÓN PREVIA DEL GASTO OPERATIVO DEL COSITUC","Marticorena Mendoza, Jorge Alfonso; Salhuana Cavides, Eduardo; Flores Ancachi, Jorge Luis; Heidinger Ballesteros, Nelcy Lidia; García Correa, Idelso Manuel; Acuña Peralta, María Grimaneza"
14825,14825/2025-PE,2026-06-22,APROBADO,PROYECTO DE RESOLUCIÓN LEGISLATIVA QUE AUTORIZA EL INGRESO DE PERSONAL MILITAR EXTRANJERO CON ARMAS DE GUERRA AL TERRITORIO DE LA REPÚBLICA DEL PERÚ,
14826,14826/2025-CR,2026-06-22,EN COMISIÓN,"PROYECTO DE LEY QUE GARANTIZA LA CONTINUIDAD, SOSTENIBILIDAD FINANCIERA Y OPORTUNA EJECUCIÓN DEL PROGRAMA BECA GENERACIÓN DEL BICENTENARIO","Montalvo Cubas, Segundo Toribio; Cruz Mamani, Flavio; Mita Alanoca, Isaac; Espiritu Cavero, Raul; Gonza Castillo, Américo; Taipe Coronado, María Elizabeth"
14827,14827/2025-CR,2026-06-23,EN COMISIÓN,"PROYECTO DE LEY QUE CREA EL DISTRITO DE SANGANI EN LA PROVINCIA DE CHANCHAMAYO, DEPARTAMENTO DE JUNÍN","Cerrón Rojas, Waldemar José; Cruz Mamani, Flavio; Mita Alanoca, Isaac; Espiritu Cavero, Raul; Gonza Castillo, Américo; Agüero Gutiérrez, María Antonieta"
14828,14828/2025-CR,2026-06-23,EN COMISIÓN,PROYECTO DE LEY QUE INTEGRA ESTRATÉGICAMENTE EL FONDO DE VIVIENDA POLICIAL CON EL SISTEMA NACIONAL DE VIVIENDA Y FOMENTA LA LIBERTAD DE ELECCIÓN HABITACIONAL,"Jiménez Heredia, David Julio; Ventura Ángel, Héctor José; Moyano Delgado, Martha Lupe; Chacón Trujillo, Nilza Merly; Huamán Coronado, Raúl; Zeta Chunga, Cruz Maria"
14829,14829/2025-CR,2026-06-23,EN COMISIÓN,PROYECTO DE LEY QUE CREA EL MARCO DEL PILOTO DE EMPLEO Y RECONVERSIÓN LABORAL VERDE EN LA REGIÓN JUNÍN,"Jiménez Heredia, David Julio; Ventura Ángel, Héctor José; Moyano Delgado, Martha Lupe; Chacón Trujillo, Nilza Merly; Huamán Coronado, Raúl; Zeta Chunga, Cruz Maria"
14830,14830/2025-CR,2026-06-23,EN COMISIÓN,PROYECTO DE LEY QUE DECLARA DE INTERÉS NACIONAL LA CREACIÓN DEL ECOPARQUE INDUSTRIAL DEL DEPARTAMENTO DE JUNÍN,"Jiménez Heredia, David Julio; Ventura Ángel, Héctor José; Zeta Chunga, Cruz Maria; Moyano Delgado, Martha Lupe; Chacón Trujillo, Nilza Merly; Huamán Coronado, Raúl"
14831,14831/2025-CR,2026-06-23,EN COMISIÓN,"PROYECTO DE LEY QUE DECLARA DE INTERÉS NACIONAL LA CREACIÓN DEL DISTRITO DE MOLLOMARCA, UBICADO EN LA PROVINCIA DE PAUCARTAMBO Y DEPARTAMENTO DE CUSCO","Bellido Ugarte, Guido; Orué Medina, Ariana Maybee; Picón Quedo, Luis Raúl; Laura Rojas, Judith; Tello Montes, Nivardo Edgar; Juárez Calle, Heidy Lisbeth"
14832,14832/2025-CR,2026-06-23,EN COMISIÓN,"PROYECTO DE LEY QUE DECLARA DE INTERÉS NACIONAL LA CREACIÓN DEL DISTRITO DE CHUNCHUQUILLO, UBICADO EN LA PROVINCIA DE JAÉN Y DEPARTAMENTO DE CAJAMARCA","Bellido Ugarte, Guido; Orué Medina, Ariana Maybee; Picón Quedo, Luis Raúl; Laura Rojas, Judith; Tello Montes, Nivardo Edgar; Juárez Calle, Heidy Lisbeth"
14833,14833/2025-CR,2026-06-23,EN COMISIÓN,"PROYECTO DE LEY QUE MODIFICA EL ARTÍCULO 13 DE LA LEY N.° 31199, LEY DE GESTIÓN Y PROTECCIÓN DE LOS ESPACIOS PÚBLICOS, A FIN DE OPTIMIZAR EL PROCEDIMIENTO DE DESAFECTACIÓN DE ESPACIOS PÚBLICOS","Martínez Talavera, Pedro Edwin; Aragón Carreño, Luis Ángel; Soto Palacios, Wilson; Mori Celis, Juan Carlos; Alva Rojas, Carlos Enrique; López Ureña, Ilich Fredy"
14834,14834/2025-CR,2026-06-23,EN COMISIÓN,"PROYECTO DE LEY QUE DECLARA DE INTERÉS NACIONAL LA CREACIÓN DEL DISTRITO DE TOTORAMA, UBICADO EN LA PROVINCIA DE CHUCUITO Y DEPARTAMENTO DE PUNO","Bellido Ugarte, Guido; Orué Medina, Ariana Maybee; Laura Rojas, Judith; Picón Quedo, Luis Raúl; Tello Montes, Nivardo Edgar; Juárez Calle, Heidy Lisbeth"
14835,14835/2025-CR,2026-06-23,EN COMISIÓN,"PROYECTO DE LEY QUE DECLARA DE INTERÉS NACIONAL LA CREACIÓN DEL DISTRITO DE SAN SALVADOR DE OSNO, UBICADO EN LA PROVINCIA DE LA MAR Y DEPARTAMENTO DE AYACUCHO","Bellido Ugarte, Guido; Juárez Calle, Heidy Lisbeth; Orué Medina, Ariana Maybee; Laura Rojas, Judith; Picón Quedo, Luis Raúl; Tello Montes, Nivardo Edgar"
14836,14836/2025-CR,2026-06-23,EN COMISIÓN,"PROYECTO DE LEY QUE DECLARA DE INTERÉS NACIONAL LA CREACIÓN DEL DISTRITO DE VISCOCHONI, UBICADO EN LA PROVINCIA DE PAUCARTAMBO Y DEPARTAMENTO DE CUSCO","Bellido Ugarte, Guido; Orué Medina, Ariana Maybee; Picón Quedo, Luis Raúl; Tello Montes, Nivardo Edgar; Juárez Calle, Heidy Lisbeth; Laura Rojas, Judith"
14837,14837/2025-CR,2026-06-23,EN COMISIÓN,PROYECTO DE LEY QUE REGULA EL PROCEDIMIENTO NO CONTENCIOSO DE RECONOCIMIENTO DE SENTENCIAS EXTRANJERAS EN MATERIA DE FAMILIA,"Orué Medina, Ariana Maybee; Bellido Ugarte, Guido; Picón Quedo, Luis Raúl; Paredes Castro, Francis Jhasmina; Juárez Calle, Heidy Lisbeth; Laura Rojas, Judith"
14838,14838/2025-CR,2026-06-23,EN COMISIÓN,"PROYECTO DE LEY QUE CREA EL DISTRITO DE SANGANI EN LA PROVINCIA DE CHANCHAMAYO, DEPARTAMENTO DE JUNÍN","Reymundo Mercado, Edgard Cornelio; Paredes Piqué, Susel Ana María; Luque Ibarra, Ruth"
14839,14839/2025-CR,2026-06-24,EN COMISIÓN,"PROYECTO DE LEY PARA EL DESARROLLO SOSTENIBLE, LA REMEDIACIÓN AMBIENTAL Y LA MEJORA DE LA CALIDAD DE VIDA EN LA CIUDAD DE CERRO DE PASCO","Dávila Atanacio, Pasión Neomías; Pariona Sinche, Alfredo; Flores Ramírez, Alex Randu; Robles Araujo, Silvana Emperatriz; Quito Sarmiento, Bernardo Jaime"
14840,14840/2025-CR,2026-06-24,EN COMISIÓN,"PROYECTO DE LEY QUE MODIFICA LA LEY 32309, LEY QUE CREA INCENTIVOS ECONÓMICOS Y FISCALES PARA EL FOMENTO DE LA ACTIVIDAD CINEMATOGRÁFICA Y AUDIOVISUAL DEL PERÚ, E INCORPORA UNA CUOTA DE PANTALLA OBLIGATORIA PARA LAS OBRAS CINEMATOGRÁFICAS Y AUDIOVISUALES PERUANAS","Paredes Piqué, Susel Ana María; Reymundo Mercado, Edgard Cornelio; Luque Ibarra, Ruth; Pablo Medina, Flor Aidee; Tacuri Valdivia, Germán Adolfo; Padilla Romero, Javier Rommel; Quito Sarmiento, Bernardo Jaime; Zeballos Madariaga, Carlos Javier"
14841,14841/2025-CR,2026-06-24,EN COMISIÓN,PROYECTO DE LEY QUE GARANTIZA LA EFICACIA PLENA DE LA FIRMA DIGITAL Y PROHÍBE LA EXIGENCIA DE FORMALIDADES ADICIONALES,"Ruíz Rodríguez, Magaly Rosmery; Salhuana Cavides, Eduardo; García Correa, Idelso Manuel; Heidinger Ballesteros, Nelcy Lidia; Acuña Peralta, María Grimaneza; Marticorena Mendoza, Jorge Alfonso; Camones Soriano, Lady Mercedes; Chiabra León, Roberto Enrique"
14842,14842/2025-CR,2026-06-24,EN COMISIÓN,PROYECTO DE LEY  QUE CREA  EL  DISTRITO DE SANGANI EN LA PROVINCIA DE CHANCHAMAYO DEL DEPARTAMENTO DE JUNÍN,"Robles Araujo, Silvana Emperatriz; Dávila Atanacio, Pasión Neomías; Pariona Sinche, Alfredo; Flores Ramírez, Alex Randu; Quito Sarmiento, Bernardo Jaime"
14843,14843/2025-CR,2026-06-24,EN COMISIÓN,PROYECTO DE LEY QUE MODIFICA LA DENOMINACIÓN DE LA UNIVERSIDAD NACIONAL AGRARIA JUAN VELASCO ALVARADO DE MAJES POR UNIVERSIDAD NACIONAL AGRARIA FRANCISCO MOSTAJO MIRANDA DE MAJES,"Alva Prieto, María del Carmen; Martínez Talavera, Pedro Edwin; Alva Rojas, Carlos Enrique; Aragón Carreño, Luis Ángel; Mori Celis, Juan Carlos; Monteza Facho, Silvia María"
14844,14844/2025-PE,2026-06-26,APROBADO,PROYECTO DE RESOLUCIÓN LEGISLATIVA QUE AUTORIZA EL INGRESO DE UNIDAD NAVAL Y DE PERSONAL MILITAR EXTRANJERO CON ARMAS DE GUERRA AL TERRITORIO DE LA REPÚBLICA DEL PERÚ,
14845,14845/2025-CR,2026-06-26,EN COMISIÓN,PROYECTO DE LEY QUE ESTABLECE LA INTANGIBILIDAD DE LAS FUENTES HÍDRICAS Y LAS ÁREAS DE CAPTACIÓN DE AGUA DE LAS EMPRESAS PRESTADORAS DE SERVICIOS EN LA SELVA AMAZÓNICA,"Valer Pinto, Héctor; Zea Choquechambi, Oscar; Pazo Nunura, Jose Bernardo; Gutiérrez Ticona, Paul Silvio; Medina Hermosilla, Elizabeth Sara; Azurín Loayza, Alfredo"
14846,14846/2025-CR,2026-06-26,EN COMISIÓN,"PROYECTO DE LEY QUE FORTALECE LA INTEGRIDAD, TRANSPARENCIA, AUTENTICIDAD, TRAZABILIDAD Y SEGURIDAD DEL SUFRAGIO, MODIFICA LA LEY N.° 26859, LEY ORGÁNICA DE ELECCIONES, E INCORPORA DELITOS ELECTORALES AL CÓDIGO PENAL PARA PROTEGER LA VOLUNTAD POPULAR","Gutiérrez Ticona, Paul Silvio; Valer Pinto, Héctor; Medina Hermosilla, Elizabeth Sara; Zegarra Saboya, Ana Zadith; Zea Choquechambi, Oscar; Pazo Nunura, Jose Bernardo"
14847,14847/2025-CR,2026-06-26,EN COMISIÓN,"PROYECTO DE RESOLUCIÓN LEGISLATIVA QUE MODIFICA E INCORPORA DIVERSOS ARTÍCULOS AL REGLAMENTO DE LA CÁMARA DE DIPUTADOS, A FIN DE FORTALECER SU AUTONOMÍA INSTITUCIONAL, LA DEMOCRACIA DELIBERATIVA, LA TRANSPARENCIA, LA CALIDAD NORMATIVA, EL SISTEMA DE COMISIONES, LA PARTICIPACIÓN CIUDADANA Y EL RESPETO DE LAS MINORÍAS PARLAMENTARIAS.","Gutiérrez Ticona, Paul Silvio; Valer Pinto, Héctor; Medina Hermosilla, Elizabeth Sara; Zegarra Saboya, Ana Zadith; Zea Choquechambi, Oscar; Pazo Nunura, Jose Bernardo"
14848,14848/2025-CR,2026-06-26,EN COMISIÓN,"PROYECTO DE RESOLUCIÓN LEGISLATIVA DEL SENADO QUE MODIFICA E INCORPORA DIVERSOS ARTÍCULOS AL REGLAMENTO DEL SENADO, A FIN DE FORTALECER SU FUNCIÓN DE REVISIÓN CONSTITUCIONAL, CALIDAD NORMATIVA, CONTROL POLÍTICO SUPERIOR, TRANSPARENCIA, CONTINUIDAD DEMOCRÁTICA Y DESIGNACIÓN MERITOCRÁTICA DE ALTOS FUNCIONARIOS","Gutiérrez Ticona, Paul Silvio; Valer Pinto, Héctor; Medina Hermosilla, Elizabeth Sara; Zegarra Saboya, Ana Zadith; Zea Choquechambi, Oscar; Pazo Nunura, Jose Bernardo"
14849,14849/2025-CR,2026-06-30,EN COMISIÓN,PROYECTO DE LEY QUE FACULTA EL SANEAMIENTO FINANCIERO EXCEPCIONAL DE LA EMPRESA NACIONAL DE LA COCA MEDIANTE LA CONDONACIÓN DE DEUDA CON EL FONAFE POR RAZONES DE INTERÉS NACIONAL,"Portero López, Hilda Marleny; Martínez Talavera, Pedro Edwin; Vergara Mendoza, Elvis Hernán; Alva Rojas, Carlos Enrique; Mori Celis, Juan Carlos; Aragón Carreño, Luis Ángel; Monteza Facho, Silvia María"
14850,14850/2025-CR,2026-07-02,EN COMISIÓN,PROYECTO DE LEY QUE REGULA EL SISTEMA REMUNERATIVO Y DE COMPENSACIONES DE LOS TRABAJADORES DEL SERVICIO DE SEGURIDAD PRIVADA ,"Gonza Castillo, Américo; Cruz Mamani, Flavio; Mita Alanoca, Isaac; Taipe Coronado, María Elizabeth; Cerrón Rojas, Waldemar José; Espiritu Cavero, Raul"
14851,14851/2025-PE,2026-07-02,EN COMISIÓN,"PROYECTO DE LEY QUE MODIFICA EL DECRETO LEGISLATIVO 1137, LEY DEL EJÉRCITO DEL PERÚ",
14852,14852/2025-PE,2026-07-02,EN COMISIÓN,PROYECTO DE LEY QUE ESTABLECE LA PROHIBICIÓN DE IMPORTACIÓN DE MERCANCÍAS PRODUCIDAS POR TRABAJO FORZOSO,
14853,14853/2025-CR,2026-07-03,EN COMISIÓN,"PROYECTO DE LEY QUE DECLARA DE INTERÉS NACIONAL LA EXCLUSIÓN DE PARTE DEL ÁREA DEL TERRENO DE LA FUERZA AÉREA DEL PERÚ, UBICADO EN LA CIUDAD DE PUERTO MALDONADO, DISTRITO DE TAMBOPATA, PROVINCIA DE TAMBOPATA, DEPARTAMENTO DE MADRE DE DIOS ","Salhuana Cavides, Eduardo; García Correa, Idelso Manuel; Camones Soriano, Lady Mercedes; Heidinger Ballesteros, Nelcy Lidia; Julón Irigoín, Elva Edhit; Cordero Jon Tay, Luis Gustavo; Chiabra León, Roberto Enrique; Flores Ancachi, Jorge Luis"
14854,14854/2025-CR,2026-07-03,EN COMISIÓN,"PROYECTO DE LEY QUE DECLARA DE INTERÉS NACIONAL Y NECESIDAD PÚBLICA LA CREACIÓN DEL DISTRITO DE ILLAHUASI, UBICADO EN EL DISTRITO DE ANDARAPA, PROVINCIA DE ANDAHUAYLAS Y DEPARTAMENTO DE APURÍMAC","Palacios Huamán, Margot; Tacuri Valdivia, Germán Adolfo; Quispe Mamani, Wilson Rusbel; Varas Meléndez, Elías Marcial; Sánchez Palomino, Roberto Helbert"
14855,14855/2025-CR,2026-07-03,EN COMISIÓN,"PROYECTO DE LEY INTEGRAL PARA LA PREVENCIÓN, ATENCIÓN Y REHABILITACIÓN DEL ACCIDENTE CEREBROVASCULAR","Bustamante Donayre, Carlos Ernesto; Flores Ruiz, Víctor Seferino; Ventura Ángel, Héctor José; Santisteban Suclupe, Magally; Jiménez Heredia, David Julio; Obando Morgan, Auristela Ana"
14856,14856/2025-CR,2026-07-06,EN COMISIÓN,"PROYECTO DE LEY QUE MODIFICA LA LEY N.° 31557, LEY QUE REGULA LA EXPLOTACIÓN DE LOS JUEGOS A DISTANCIA Y APUESTAS DEPORTIVAS A DISTANCIA, A FIN DE FORTALECER EL FINANCIAMIENTO DESCENTRALIZADO DE LOS SERVICIOS DE SALUD MENTAL","Chacón Trujillo, Nilza Merly; Jiménez Heredia, David Julio; Moyano Delgado, Martha Lupe; López Morales, Jeny Luz; Infantes Castañeda, Mery Eliana; Obando Morgan, Auristela Ana; Castillo Rivas, Eduardo Enrique"
14857,14857/2025-CR,2026-07-07,EN COMISIÓN,PROYECTO DE LEY NUEVA LEY GENERAL DE EDUCACIÓN,"Gutiérrez Ticona, Paul Silvio; Valer Pinto, Héctor; Pazo Nunura, Jose Bernardo; Zegarra Saboya, Ana Zadith; Paredes Gonzales, Alex Antonio; Zea Choquechambi, Oscar"
14858,14858/2025-CR,2026-07-07,EN COMISIÓN,"PROYECTO DE LEY QUE MODIFICA LA LEY N.° 32680, A FIN DE GARANTIZAR EL NOMBRAMIENTO EXCEPCIONAL EN LA CATEGORÍA DE DOCENTE AUXILIAR DE LOS JEFES DE PRÁCTICA DE UNIVERSIDADES PÚBLICAS QUE INGRESARON POR CONCURSO PÚBLICO Y MANTUVIERON CONTINUIDAD FUNCIONAL BAJO DENOMINACIONES CONTRACTUALES DISTINTAS","Agüero Gutiérrez, María Antonieta; Cruz Mamani, Flavio; Mita Alanoca, Isaac; Gonza Castillo, Américo; Espiritu Cavero, Raul; Cerrón Rojas, Waldemar José"
14859,14859/2025-CR,2026-07-10,PRESENTADO,PROYECTO DE LA NUEVA LEY DEL DOCENTE,"Gutiérrez Ticona, Paul Silvio; Valer Pinto, Héctor; Pazo Nunura, Jose Bernardo; Medina Hermosilla, Elizabeth Sara; Zegarra Saboya, Ana Zadith; Zea Choquechambi, Oscar"
