archivo,paginas,caracteres,estado
PL_14705.pdf,6,13810,OK
PL_14706.pdf,1,359,OK
PL_14707.pdf,8,11915,OK
PL_14708.pdf,15,28326,OK
PL_14709.pdf,15,0,OK
PL_14710.pdf,14,0,OK
PL_14711.pdf,1,3230,OK
PL_14712.pdf,1,1543,OK
PL_14713.pdf,1,356,OK
PL_14714.pdf,1,1604,OK
PL_14715.pdf,1,1505,OK
PL_14716.pdf,1,1763,OK
PL_14717.pdf,12,19807,OK
PL_14718.pdf,1,1826,OK
PL_14719.pdf,1,476,OK
PL_14720.pdf,6,15356,OK
PL_14721.pdf,1,362,OK
PL_14722.pdf,1,1762,OK
PL_14723.pdf,1,432,OK
PL_14724.pdf,40,102882,OK
PL_14725.pdf,1,1487,OK
PL_14726.pdf,1,374,OK
PL_14727.pdf,1,1201,OK
PL_14728.pdf,1,1063,OK
PL_14729.pdf,1,1831,OK
PL_14730.pdf,15,40801,OK
PL_14731.pdf,1,1317,OK
PL_14732.pdf,1,1823,OK
PL_14733.pdf,8,12077,OK
PL_14734.pdf,10,17482,OK
PL_14735.pdf,1,1096,OK
PL_14736.pdf,11,29441,OK
PL_14737.pdf,12,24801,OK
PL_14738.pdf,1,1408,OK
PL_14739.pdf,1,374,OK
PL_14740.pdf,1,1463,OK
PL_14741.pdf,1,1847,OK
PL_14742.pdf,17,57355,OK
PL_14743.pdf,7,12698,OK
PL_14744.pdf,1,1325,OK
PL_14745.pdf,1,374,OK
PL_14746.pdf,1,1437,OK
PL_14747.pdf,12,20133,OK
PL_14748.pdf,1,413,OK
PL_14749.pdf,2,4107,OK
PL_14750.pdf,1,1148,OK
PL_14751.pdf,3,6126,OK
PL_14752.pdf,1,410,OK
PL_14753.pdf,8,25255,OK
PL_14754.pdf,1,1348,OK
PL_14755.pdf,1,1332,OK
PL_14756.pdf,1,1351,OK
PL_14757.pdf,1,1456,OK
PL_14758.pdf,1,411,OK
PL_14759.pdf,15,17383,OK
PL_14760.pdf,1,1372,OK
PL_14761.pdf,1,1630,OK
PL_14762.pdf,1,374,OK
PL_14763.pdf,1,1250,OK
PL_14764.pdf,2,6945,OK
PL_14765.pdf,2,4009,OK
PL_14766.pdf,1,1412,OK
PL_14767.pdf,1,1414,OK
PL_14768.pdf,2,3777,OK
PL_14769.pdf,2,0,OK
PL_14770.pdf,9,12901,OK
PL_14771.pdf,1,1492,OK
PL_14772.pdf,1,376,OK
PL_14773.pdf,1,1834,OK
PL_14774.pdf,1,439,OK
PL_14775.pdf,1,439,OK
PL_14776.pdf,9,0,OK
PL_14777.pdf,1,439,OK
PL_14778.pdf,1,439,OK
PL_14779.pdf,2,2484,OK
PL_14780.pdf,1,1830,OK
PL_14781.pdf,1,1831,OK
PL_14782.pdf,1,1819,OK
PL_14783.pdf,1,1828,OK
PL_14784.pdf,1,1800,OK
PL_14785.pdf,1,439,OK
PL_14786.pdf,1,439,OK
PL_14787.pdf,1,1811,OK
PL_14788.pdf,1,1820,OK
PL_14789.pdf,1,1825,OK
PL_14790.pdf,1,1804,OK
PL_14791.pdf,1,1817,OK
PL_14792.pdf,1,439,OK
PL_14793.pdf,1,1611,OK
PL_14794.pdf,1,1832,OK
PL_14795.pdf,1,1828,OK
PL_14796.pdf,1,374,OK
PL_14797.pdf,1,1802,OK
PL_14798.pdf,12,0,OK
PL_14799.pdf,138,465862,OK
PL_14800.pdf,2,3837,OK
PL_14801.pdf,1,1457,OK
PL_14802.pdf,13,39837,OK
PL_14803.pdf,1,1631,OK
PL_14804.pdf,1,1787,OK
PL_14805.pdf,1,374,OK
PL_14806.pdf,1,1643,OK
PL_14807.pdf,18,32803,OK
PL_14808.pdf,1,359,OK
PL_14809.pdf,1,0,OK
PL_14810.pdf,22,35108,OK
PL_14811.pdf,1,399,OK
PL_14812.pdf,10,16016,OK
PL_14813.pdf,22,48591,OK
PL_14814.pdf,1,1376,OK
PL_14815.pdf,1,1335,OK
PL_14816.pdf,8,16116,OK
PL_14817.pdf,3,16674,OK
PL_14818.pdf,1,358,OK
PL_14819.pdf,1,0,OK
PL_14820.pdf,9,0,OK
PL_14821.pdf,1,1103,OK
PL_14822.pdf,1,960,OK
PL_14823.pdf,1,356,OK
PL_14824.pdf,4,6854,OK
PL_14825.pdf,3,4466,OK
PL_14826.pdf,2,3966,OK
PL_14827.pdf,1,425,OK
PL_14828.pdf,13,28513,OK
PL_14829.pdf,2,3555,OK
PL_14830.pdf,1,381,OK
PL_14831.pdf,1,1819,OK
PL_14832.pdf,10,0,OK
PL_14833.pdf,1,1943,OK
PL_14834.pdf,1,425,OK
PL_14835.pdf,1,1827,OK
PL_14836.pdf,1,1819,OK
PL_14837.pdf,1,358,OK
PL_14838.pdf,1,1792,OK
PL_14839.pdf,1,1253,OK
PL_14840.pdf,1,418,OK
PL_14841.pdf,1,358,OK
PL_14842.pdf,1,1788,OK
PL_14843.pdf,1,360,OK
PL_14844.pdf,1,0,OK
PL_14845.pdf,1,1622,OK
PL_14846.pdf,27,91172,OK
PL_14847.pdf,1,356,OK
PL_14848.pdf,36,119258,OK
PL_14849.pdf,1,1664,OK
PL_14850.pdf,1,357,OK
PL_14851.pdf,1,413,OK
PL_14852.pdf,1,417,OK
PL_14853.pdf,1,443,OK
PL_14854.pdf,15,26759,OK
PL_14855.pdf,1,348,OK
PL_14856.pdf,11,24846,OK
PL_14857.pdf,72,228563,OK
PL_14858.pdf,2,3912,OK
PL_14859.pdf,212,719755,OK
